City_ID,City,Country,Lat,Lng,Max Temp,Humidity,Cloudiness,Wind Speed,Weather Description
0,Thinadhoo,MV,0.5333,72.9333,82.56,69,39,9.51,scattered clouds
1,Hithadhoo,MV,-0.6,73.0833,81.23,75,100,9.51,overcast clouds
2,Caravelas,BR,-17.7125,-39.2481,73.81,86,100,10.83,overcast clouds
3,Zhashkiv,UA,49.2454,30.1102,57.06,53,59,13.47,broken clouds
4,Ushuaia,AR,-54.8,-68.3,38.86,87,75,27.63,broken clouds
5,Sari,IR,36.5633,53.0601,52.39,81,3,4.21,clear sky
6,Souillac,MU,-20.5167,57.5167,74.35,88,75,6.91,broken clouds
7,Shingu,JP,33.7333,135.9833,59.99,83,100,3.65,light rain
8,Butaritari,KI,3.0707,172.7902,82.96,72,27,13.96,scattered clouds
9,Kodiak,US,57.79,-152.4072,44.11,61,75,11.5,broken clouds
10,Birao,CF,10.2849,22.7882,74.14,75,100,3.83,overcast clouds
11,Zyryanka,RU,65.75,150.85,1.27,77,17,7.76,few clouds
12,Tuktoyaktuk,CA,69.4541,-133.0374,32.0,86,75,5.75,broken clouds
13,Buchanan,LR,5.8808,-10.0467,76.96,88,100,4.25,moderate rain
14,Uige,AO,-7.6087,15.0613,67.28,98,100,2.35,overcast clouds
15,Jamestown,US,42.097,-79.2353,60.39,98,90,4.0,moderate rain
16,Airai,TL,-8.9266,125.4092,74.98,45,79,0.78,broken clouds
17,Codrington,AU,-38.2667,141.9667,61.81,81,50,3.89,scattered clouds
18,Hofn,IS,64.2539,-15.2082,32.04,65,16,18.34,few clouds
19,Vestmannaeyjar,IS,63.4427,-20.2734,43.9,54,70,19.73,broken clouds
20,Hermanus,ZA,-34.4187,19.2345,60.8,74,100,15.61,overcast clouds
21,Rikitea,PF,-23.1203,-134.9692,74.48,80,72,23.22,broken clouds
22,Hobart,AU,-42.8794,147.3294,64.26,76,75,1.01,broken clouds
23,Cape Town,ZA,-33.9258,18.4232,61.09,70,20,16.11,few clouds
24,Mataura,NZ,-46.1927,168.8643,64.38,42,4,3.0,clear sky
25,San Onofre,CO,9.7359,-75.5263,78.53,86,55,2.35,broken clouds
26,Mar Del Plata,AR,-38.0023,-57.5575,69.82,86,0,13.0,clear sky
27,Bethel,US,41.3712,-73.414,65.25,80,62,6.11,broken clouds
28,Shaunavon,CA,49.6501,-108.4181,56.98,45,1,10.56,clear sky
29,Cam Ranh,VN,11.9214,109.1591,75.16,94,40,4.61,scattered clouds
30,Vaini,TO,-21.2,-175.2,78.96,83,40,11.5,scattered clouds
31,Chuy,UY,-33.6971,-53.4616,55.74,84,3,5.99,clear sky
32,Luderitz,NA,-26.6481,15.1594,55.81,86,54,8.72,broken clouds
33,Santa Maria Da Vitoria,BR,-13.3947,-44.1886,74.12,91,92,2.17,overcast clouds
34,Albany,US,42.6001,-73.9662,64.81,72,67,4.45,broken clouds
35,Punta Arenas,CL,-53.15,-70.9167,46.51,57,40,21.85,scattered clouds
36,Mahebourg,MU,-20.4081,57.7,74.25,88,75,6.91,broken clouds
37,Cidreira,BR,-30.1811,-50.2056,65.05,83,7,15.82,clear sky
38,Portland,US,45.5234,-122.6762,71.01,65,75,5.01,broken clouds
39,Torbay,CA,47.6666,-52.7314,47.68,77,75,17.27,light intensity shower rain
40,Yertsevo,RU,60.7966,40.086,46.58,98,100,8.52,overcast clouds
41,Yaounde,CM,3.8667,11.5167,66.96,92,73,1.54,broken clouds
42,Taoudenni,ML,22.6783,-3.9836,76.82,28,0,10.22,clear sky
43,Kitimat,CA,54.0524,-128.6534,49.91,51,100,5.7,overcast clouds
44,Koping,SE,59.514,15.9926,41.45,66,23,10.25,few clouds
45,Yellowknife,CA,62.456,-114.3525,45.41,69,20,18.41,few clouds
46,Mangrol,IN,21.1167,70.1167,76.37,67,4,6.93,clear sky
47,San Patricio,US,28.017,-97.5169,84.92,51,30,7.45,scattered clouds
48,Kapaa,US,22.0752,-159.319,82.38,66,1,1.99,clear sky
49,Meulaboh,ID,4.1363,96.1285,75.92,90,96,3.02,overcast clouds
50,Tvoroyri,FO,61.5556,-6.8111,40.39,66,90,34.49,overcast clouds
51,Victoria,HK,22.2855,114.1577,67.24,82,100,5.99,overcast clouds
52,Bluff,NZ,-46.6,168.3333,52.12,63,2,5.73,clear sky
53,Teguldet,RU,57.3064,88.1667,39.07,77,97,5.35,overcast clouds
54,Broome,US,42.2506,-75.833,65.84,65,40,5.01,scattered clouds
55,Los Llanos De Aridane,ES,28.6585,-17.9182,72.12,58,90,10.36,overcast clouds
56,Omboue,GA,-1.5746,9.2618,76.08,89,100,8.86,overcast clouds
57,Pangnirtung,CA,66.1451,-65.7125,29.23,67,91,4.43,overcast clouds
58,Ous,RU,60.9058,61.5186,29.5,92,100,8.43,overcast clouds
59,Vilyuysk,RU,63.7553,121.6247,31.37,91,91,7.4,overcast clouds
60,Busselton,AU,-33.65,115.3333,53.04,62,37,5.53,scattered clouds
61,Ancud,CL,-41.8697,-73.8203,49.53,80,53,4.74,broken clouds
62,Pevek,RU,69.7008,170.3133,12.72,90,100,13.0,light snow
63,Mount Gambier,AU,-37.8333,140.7667,55.31,88,90,4.61,overcast clouds
64,Tasiilaq,GL,65.6145,-37.6368,33.96,74,66,7.58,broken clouds
65,Provideniya,RU,64.3833,-173.3,26.71,68,0,13.42,clear sky
66,Hede,CN,33.7681,120.2517,53.91,69,8,9.86,light rain
67,Leh,IN,34.1667,77.5833,37.72,51,0,3.56,clear sky
68,Carnarvon,AU,-24.8667,113.6333,64.47,68,0,24.16,clear sky
69,New Norfolk,AU,-42.7826,147.0587,63.91,66,91,1.01,overcast clouds
70,Iqaluit,CA,63.7506,-68.5145,29.93,92,90,4.0,overcast clouds
71,Athabasca,CA,54.7169,-113.2854,47.23,45,1,7.99,clear sky
72,Awjilah,LY,29.1081,21.2869,70.05,47,3,8.16,clear sky
73,Laguna,US,38.421,-121.4238,79.3,64,90,4.0,overcast clouds
74,Makakilo City,US,21.3469,-158.0858,82.72,62,90,6.91,light rain
75,Lagoa,PT,39.05,-27.9833,68.23,71,100,11.77,overcast clouds
76,Saint George,US,37.1041,-113.5841,76.42,26,1,1.01,clear sky
77,Buala,SB,-8.145,159.5921,82.8,75,100,6.08,light rain
78,Fortuna,US,40.5982,-124.1573,68.34,74,90,3.0,light rain
79,Katima Mulilo,NA,-17.5,24.2667,75.92,41,99,3.15,overcast clouds
80,Saint Pete Beach,US,27.7253,-82.7412,80.65,69,3,1.01,clear sky
81,Labuhan,ID,-6.8844,112.2051,81.5,75,100,6.55,overcast clouds
82,Moose Factory,CA,51.2585,-80.6094,32.0,100,90,4.61,light snow
83,Esperance,AU,-33.8667,121.9,57.04,68,73,13.85,broken clouds
84,Cabo San Lucas,MX,22.8909,-109.9124,86.61,71,1,5.99,clear sky
85,Katsuura,JP,35.1333,140.3,55.18,91,100,19.06,light rain
86,Chapais,CA,49.7834,-74.8492,38.98,89,100,4.09,overcast clouds
87,Kavieng,PG,-2.5744,150.7967,82.06,77,100,8.32,moderate rain
88,Varhaug,NO,58.6147,5.6457,42.89,65,99,23.29,overcast clouds
89,Ulagan,RU,50.6321,87.9563,29.32,56,67,3.0,broken clouds
90,Alice Springs,AU,-23.7,133.8833,81.95,18,0,10.36,clear sky
91,Lebu,CL,-37.6167,-73.65,49.98,68,1,17.98,clear sky
92,Constitucion,CL,-35.3333,-72.4167,52.18,83,100,15.68,overcast clouds
93,Touros,BR,-5.1989,-35.4608,81.5,79,99,9.37,overcast clouds
94,Sisimiut,GL,66.9395,-53.6735,26.53,85,41,11.83,scattered clouds
95,Sitka,US,57.0531,-135.33,49.89,66,90,9.22,light rain
96,Chambishi,ZM,-12.6325,28.0537,63.99,66,49,4.59,scattered clouds
97,Vrangel,RU,42.7297,133.0839,43.72,50,8,6.24,clear sky
98,Nome,US,64.5011,-165.4064,34.16,80,90,8.05,overcast clouds
99,Puerto Ayora,EC,-0.7393,-90.3518,69.78,83,59,8.37,broken clouds
100,Charqueadas,BR,-29.9547,-51.6253,69.6,84,21,5.1,few clouds
101,Udachnyy,RU,66.4167,112.4,18.99,94,97,2.06,overcast clouds
102,Ribeira Grande,PT,38.5167,-28.7,69.06,71,100,12.26,overcast clouds
103,Saskylakh,RU,71.9167,114.0833,0.14,99,97,3.36,overcast clouds
104,Pierre,US,44.3683,-100.351,46.85,71,1,5.99,clear sky
105,Upernavik,GL,72.7868,-56.1549,20.77,93,92,8.12,light snow
106,Itigi,TZ,-5.7,34.4833,67.33,61,24,8.43,few clouds
107,Saint-Philippe,RE,-21.3585,55.7679,71.15,77,10,9.31,clear sky
108,Yerofey Pavlovich,RU,53.9667,121.9667,33.03,69,64,2.89,broken clouds
109,Darhan,MN,49.4867,105.9228,33.13,55,0,6.67,clear sky
110,Port Alfred,ZA,-33.5906,26.891,64.72,86,100,8.97,overcast clouds
111,Caidian,CN,30.5833,114.0333,56.14,73,100,5.32,light rain
112,Clarence Town,AU,-32.5833,151.7833,77.05,54,18,2.89,few clouds
113,Liwale,TZ,-9.7667,37.9333,69.44,85,75,3.04,broken clouds
114,Port Elizabeth,ZA,-33.918,25.5701,64.69,88,40,19.57,scattered clouds
115,Narsaq,GL,60.9167,-46.05,32.22,40,100,4.61,overcast clouds
116,Tiksi,RU,71.6872,128.8694,8.96,94,100,10.74,light snow
117,Vitoria,BR,-20.3194,-40.3378,69.66,73,0,8.05,clear sky
118,Khatanga,RU,71.9667,102.5,-2.38,100,91,2.55,overcast clouds
119,Taree,AU,-31.9,152.4667,75.11,73,7,2.3,clear sky
120,Ponta Delgada,PT,37.7333,-25.6667,63.32,82,20,4.61,few clouds
121,Balassagyarmat,HU,48.073,19.2961,54.43,78,99,8.68,light rain
122,Vostok,RU,46.4856,135.8833,28.83,85,95,4.07,light snow
123,Lompoc,US,34.6391,-120.4579,79.12,80,1,17.27,mist
124,Omsukchan,RU,62.5333,155.8,-1.66,84,27,1.57,scattered clouds
125,Lorengau,PG,-2.0226,147.2712,78.42,85,100,6.53,overcast clouds
126,East London,ZA,-33.0153,27.9116,68.23,87,100,1.41,overcast clouds
127,Ponta Do Sol,PT,32.6667,-17.1,70.43,63,15,5.86,few clouds
128,Saldanha,ZA,-33.0117,17.9442,59.05,83,100,18.03,overcast clouds
129,Deputatskiy,RU,69.3,139.9,-3.44,100,100,3.67,overcast clouds
130,Castro,BR,-24.7911,-50.0119,55.35,81,53,4.65,broken clouds
131,Atuona,PF,-9.8,-139.0333,77.83,78,10,17.34,light rain
132,Bredasdorp,ZA,-34.5322,20.0403,63.72,82,100,10.36,overcast clouds
133,Bengkulu,ID,-3.8004,102.2655,74.16,92,91,3.44,overcast clouds
134,Abu Dhabi,AE,24.4667,54.3667,86.11,54,0,8.05,clear sky
135,Kaitangata,NZ,-46.2817,169.8464,59.13,55,11,7.16,few clouds
136,Dikson,RU,73.5069,80.5464,23.09,72,100,10.42,overcast clouds
137,Pangody,RU,65.85,74.4859,27.72,80,99,5.3,overcast clouds
138,Svetlogorsk,BY,52.6333,29.7333,55.04,69,99,17.76,overcast clouds
139,Payo,ID,-3.7508,103.6372,73.56,95,99,0.98,overcast clouds
140,Melito Di Porto Salvo,IT,37.9222,15.7714,68.56,68,1,6.91,clear sky
141,Eidfjord,NO,60.4675,7.0719,41.43,97,100,9.82,overcast clouds
142,Talnakh,RU,69.4865,88.3972,24.98,97,100,3.15,light snow
143,Hasaki,JP,35.7333,140.8333,54.0,77,100,18.32,moderate rain
144,Port-Gentil,GA,-0.7193,8.7815,78.76,83,75,12.66,light rain
145,Biltine,TD,14.5333,20.9167,81.32,23,25,6.73,scattered clouds
146,Bonavista,CA,48.6499,-53.1147,47.12,78,97,23.85,overcast clouds
147,Palmer,US,42.1584,-72.3287,65.01,66,47,1.01,scattered clouds
148,Barrow,US,71.2906,-156.7887,28.42,86,90,4.61,overcast clouds
149,Vao,NC,-22.6667,167.4833,72.1,78,63,12.17,broken clouds
150,Leningradskiy,RU,69.3833,178.4167,9.82,88,80,14.18,broken clouds
151,Honiara,SB,-9.4333,159.95,85.05,70,96,3.91,light rain
152,Port Blair,IN,11.6667,92.75,75.24,100,75,2.3,fog
153,Clyde River,CA,70.4692,-68.5914,21.43,86,20,6.91,few clouds
154,Karratha,AU,-20.7377,116.8463,85.39,23,1,18.7,clear sky
155,Mount Isa,AU,-20.7333,139.5,87.57,37,0,10.36,clear sky
156,Boa Vista,BR,2.8197,-60.6733,82.38,74,40,10.36,scattered clouds
157,Cherskiy,RU,68.75,161.3,8.08,95,100,4.65,overcast clouds
158,Salalah,OM,17.0151,54.0924,75.29,78,20,3.44,few clouds
159,Loukhi,RU,66.0764,33.0381,29.98,91,100,10.18,overcast clouds
160,Sobolevo,RU,54.4299,31.8996,54.09,66,98,21.25,light rain
161,Christchurch,NZ,-43.5333,172.6333,61.32,52,9,5.99,clear sky
162,Aracati,BR,-4.5617,-37.7697,80.4,75,73,11.36,broken clouds
163,Kiama,AU,-34.6833,150.8667,73.0,83,39,3.83,scattered clouds
164,Gvardeyskoye,RU,43.6731,44.9589,38.48,55,1,3.49,clear sky
165,Rocha,UY,-34.4833,-54.3333,52.16,91,4,6.55,clear sky
166,Malakal,SS,9.5334,31.6605,75.45,72,48,4.38,scattered clouds
167,Nikolskoye,RU,59.7035,30.7861,53.02,84,96,16.06,overcast clouds
168,Saint-Joseph,RE,-21.3667,55.6167,70.16,73,5,5.55,clear sky
169,Dirba,IN,30.0667,75.9833,71.83,23,0,5.48,clear sky
170,Bandarbeyla,SO,9.4942,50.8122,76.05,86,81,4.85,broken clouds
171,Ouadda,CF,8.0777,22.4007,68.94,90,99,2.08,overcast clouds
172,Namatanai,PG,-3.6667,152.4333,84.4,70,89,5.84,light rain
173,Araouane,ML,18.9048,-3.5265,76.1,23,8,9.22,clear sky
174,Sainte-Maxime,FR,43.3,6.6333,64.42,41,99,12.3,overcast clouds
175,Oksfjord,NO,70.2396,22.3479,33.87,92,100,14.2,snow
176,Labytnangi,RU,66.6572,66.4183,28.06,93,100,5.21,overcast clouds
177,Minna,NG,9.6139,6.5569,74.59,90,97,3.0,light rain
178,Yar-Sale,RU,66.8333,70.8333,28.92,92,100,7.47,overcast clouds
179,Bambous Virieux,MU,-20.3428,57.7575,74.21,88,75,6.91,broken clouds
180,Alofi,NU,-19.0595,-169.9187,80.49,57,75,14.97,broken clouds
181,Pingliang,CN,35.5392,106.6861,41.95,78,100,4.52,overcast clouds
182,Bara,NG,10.3744,10.7288,77.77,67,61,2.26,broken clouds
183,Dunedin,NZ,-45.8742,170.5036,55.8,67,38,13.0,scattered clouds
184,Egvekinot,RU,66.3167,-179.1667,19.27,94,100,1.28,light snow
185,Selenginsk,RU,52.0064,106.8647,18.01,72,0,5.06,clear sky
186,Nytva,RU,57.9404,55.334,35.49,99,100,8.46,overcast clouds
187,Olafsvik,IS,64.8945,-23.7142,40.28,65,67,14.5,broken clouds
188,Chifeng,CN,42.2683,118.9636,39.51,44,0,5.77,clear sky
189,Luzhou,CN,28.8724,105.4405,56.12,95,100,2.35,overcast clouds
190,Barabash,RU,43.2,131.4833,28.08,47,76,3.4,broken clouds
191,San Policarpo,PH,12.1791,125.5072,81.77,84,78,11.45,broken clouds
192,Nantucket,US,41.2835,-70.0995,65.01,89,1,12.66,clear sky
193,Okitipupa,NG,6.5047,4.7839,74.08,94,57,2.17,broken clouds
194,Harper,LR,4.375,-7.7169,77.59,87,96,7.16,overcast clouds
195,Asau,RO,46.4333,26.4,58.75,64,84,6.22,broken clouds
196,Dhidhdhoo,MV,6.8833,73.1,80.82,78,52,6.78,broken clouds
197,Avarua,CK,-21.2078,-159.775,77.05,61,30,9.22,light rain
198,Kango,GA,0.1943,10.0951,73.72,99,98,1.77,light rain
199,River Falls,US,44.8614,-92.6238,48.42,65,98,6.87,overcast clouds
200,Maracas,BR,-13.4411,-40.4308,66.04,95,100,3.33,overcast clouds
201,Malindi,KE,-3.2175,40.1191,76.64,79,14,12.73,few clouds
202,Qena,EG,26.1615,32.7183,69.91,42,2,6.67,clear sky
203,Qaqortoq,GL,60.7167,-46.0333,32.5,37,100,8.66,overcast clouds
204,George Town,MY,5.4112,100.3354,77.9,89,20,0.0,few clouds
205,Ballater,GB,57.0493,-3.0402,45.3,91,96,20.09,overcast clouds
206,Georgetown,MY,5.4112,100.3354,77.9,89,20,0.0,few clouds
207,Ostrovnoy,RU,68.0531,39.5131,34.47,73,100,18.16,overcast clouds
208,Rotenburg,DE,53.1167,9.4,44.26,81,54,17.56,broken clouds
209,Ilulissat,GL,69.2167,-51.1,30.22,69,43,19.57,scattered clouds
210,Elko,US,41.0002,-115.5012,71.62,28,54,7.83,broken clouds
211,Yalutorovsk,RU,56.6536,66.3006,26.19,89,47,9.13,scattered clouds
212,Cloppenburg,DE,52.85,8.0333,43.86,81,60,16.55,broken clouds
213,Catuday,PH,16.2923,119.8062,81.88,76,64,7.76,broken clouds
214,Seoul,KR,37.5683,126.9778,42.37,93,0,1.14,clear sky
215,Santa Isabel Do Rio Negro,BR,-0.4139,-65.0192,71.69,99,100,1.81,overcast clouds
216,Grants,US,35.1473,-107.8514,64.63,17,1,5.75,clear sky
217,Bamnet Narong,TH,15.4992,101.6897,76.75,87,100,2.24,overcast clouds
218,Qaanaaq,GL,77.484,-69.3632,0.03,74,13,8.19,few clouds
219,Hilo,US,19.7297,-155.09,83.28,64,20,4.61,few clouds
220,Campbeltown,GB,55.4258,-5.6076,50.05,74,100,29.12,overcast clouds
221,Mirabad,AF,30.4362,61.8383,55.2,54,15,27.89,few clouds
222,Sovetskiy,RU,61.3614,63.5842,30.18,70,100,9.15,overcast clouds
223,Paranapanema,BR,-23.3886,-48.7228,57.49,90,10,8.23,clear sky
224,Lata,PT,40.1629,-8.3327,58.82,93,0,3.18,clear sky
225,Kahului,US,20.8947,-156.47,84.22,69,40,21.85,scattered clouds
226,Saint Anthony,US,45.0205,-93.218,48.13,56,1,1.99,clear sky
227,Palmas De Monte Alto,BR,-14.2672,-43.1619,75.2,74,62,8.7,broken clouds
228,Bonthe,SL,7.5264,-12.505,78.93,85,100,6.38,light rain
229,Muros,ES,42.7762,-9.0603,59.85,94,33,4.36,scattered clouds
230,Gizo,SB,-8.103,156.8419,82.2,72,90,2.98,moderate rain
231,Norman Wells,CA,65.282,-126.8329,39.24,70,20,9.22,few clouds
232,Nioro,GM,13.35,-15.75,82.2,60,100,3.51,overcast clouds
233,Kotido,UG,2.9806,34.1331,72.72,56,57,9.57,broken clouds
234,Byron Bay,AU,-28.65,153.6167,75.15,72,62,2.71,broken clouds
235,Port Augusta,AU,-32.5,137.7667,75.7,38,0,8.03,clear sky
236,Sur,OM,22.5667,59.5289,78.98,63,3,7.78,clear sky
237,Bonfim,BR,3.0833,-59.95,81.39,71,77,1.59,broken clouds
238,Vila,PT,42.0304,-8.1588,45.48,89,1,4.07,clear sky
239,Thompson,CA,55.7435,-97.8558,32.16,86,75,8.05,broken clouds
240,Vaitape,PF,-16.5167,-151.75,79.48,72,24,7.74,light rain
241,Dingle,PH,10.9995,122.6711,80.85,86,95,7.02,overcast clouds
242,Mahibadhoo,MV,3.7833,72.9667,81.45,71,22,8.77,few clouds
243,Beringovskiy,RU,63.05,179.3167,17.94,86,100,13.35,overcast clouds
244,Deming,US,32.2687,-107.7586,82.29,14,1,5.75,clear sky
245,Flinders,AU,-34.5833,150.8552,72.81,83,32,1.01,scattered clouds
246,La Asuncion,VE,11.0333,-63.8628,83.93,79,99,14.97,overcast clouds
247,Marawi,PH,7.9986,124.2928,70.65,84,47,2.24,scattered clouds
248,Acapulco,MX,16.8634,-99.8901,85.82,74,90,4.61,overcast clouds
249,Pacific Grove,US,36.6177,-121.9166,74.8,85,20,1.01,few clouds
250,Whitianga,NZ,-36.8333,175.7,62.02,75,100,19.44,overcast clouds
251,Port Hardy,CA,50.6996,-127.4199,51.8,93,90,24.16,moderate rain
252,Safaga,EG,26.7292,33.9365,73.35,44,2,13.13,clear sky
253,Sulphur Springs,US,33.1385,-95.6011,80.31,38,1,8.05,clear sky
254,Punta Gorda,US,26.9298,-82.0454,81.99,66,1,4.0,clear sky
255,Atherton,GB,53.5237,-2.4935,50.45,67,82,11.01,broken clouds
256,Malanje,AO,-9.5402,16.341,65.28,92,93,6.29,overcast clouds
257,Puerto Ayacucho,VE,5.6639,-67.6236,75.47,93,94,6.17,overcast clouds
258,Knyaze-Volkonskoye,RU,48.4642,135.4567,34.14,63,77,5.01,broken clouds
259,Waipawa,NZ,-41.4122,175.5153,59.31,55,96,9.48,overcast clouds
260,Faanui,PF,-16.4833,-151.75,79.52,72,22,7.83,light rain
261,Neryungri,RU,56.6709,124.6491,34.3,97,100,5.64,overcast clouds
262,Bakel,SN,14.905,-12.4568,87.82,16,97,9.73,overcast clouds
263,Ahuimanu,US,21.4447,-157.8378,83.91,65,90,5.75,overcast clouds
264,Buenaventura,CO,3.8801,-77.0312,64.9,96,95,2.37,light rain
265,Minas,UY,-34.3759,-55.2377,59.52,78,16,6.93,few clouds
266,Fairbanks,US,64.8378,-147.7164,34.21,77,75,0.0,broken clouds
267,Ixtapa,MX,20.7,-105.2,87.03,70,75,8.05,broken clouds
268,Estelle,US,29.8458,-90.1067,84.2,72,40,6.91,scattered clouds
269,Evensk,RU,61.95,159.2333,10.83,68,7,5.59,clear sky
270,Tessalit,ML,20.1986,1.0114,78.51,20,0,6.64,clear sky
271,Avera,US,33.194,-82.5271,73.71,71,58,5.7,broken clouds
272,Pochutla,MX,15.7432,-96.4661,82.81,85,98,2.42,overcast clouds
273,Hobyo,SO,5.3505,48.5268,78.4,81,49,12.93,scattered clouds
274,Samarai,PG,-10.6167,150.6667,82.96,68,32,11.83,scattered clouds
275,Galesong,ID,-5.3166,119.3661,77.02,64,40,3.13,scattered clouds
276,Chokurdakh,RU,70.6333,147.9167,-14.6,96,85,3.89,overcast clouds
277,Morehead,US,37.2711,-87.1764,64.15,56,90,11.5,overcast clouds
278,Goundam,ML,16.4145,-3.6708,85.15,19,7,10.98,clear sky
279,Kachug,RU,53.9606,105.8817,28.74,87,4,2.15,clear sky
280,Geraldton,AU,-28.7667,114.6,63.12,88,90,5.75,overcast clouds
281,Glenwood Springs,US,39.5505,-107.3248,65.21,45,1,8.05,clear sky
282,Longyearbyen,SJ,78.2186,15.6401,15.64,92,40,6.91,light snow
283,Medina,SA,24.4686,39.6142,81.03,13,0,3.44,clear sky
284,Ilebo,CD,-4.3167,20.5833,69.04,99,74,1.16,broken clouds
285,Mahanoro,MG,-19.9,48.8,69.42,92,44,3.67,scattered clouds
286,Cayenne,GF,4.9333,-52.3333,82.44,82,75,5.01,broken clouds
287,Auki,SB,-8.7676,160.7034,82.36,73,100,4.23,overcast clouds
288,Andenes,NO,69.3143,16.1194,37.38,65,75,31.07,broken clouds
289,Kilrush,IE,52.6397,-9.4833,49.75,68,78,14.32,broken clouds
290,Remiremont,FR,48.0175,6.5882,49.69,97,98,2.48,overcast clouds
291,Irbeyskoye,RU,55.6428,95.4522,36.37,58,86,4.18,overcast clouds
292,Belgrade,RS,44.804,20.4651,60.46,60,0,6.91,clear sky
293,Le Vauclin,MQ,14.5452,-60.8388,82.45,69,40,13.8,scattered clouds
294,Half Moon Bay,US,37.4636,-122.4286,75.87,82,90,11.5,mist
295,Conde,BR,-7.2597,-34.9075,80.06,78,20,9.22,few clouds
296,Shelburne,CA,44.0787,-80.2041,57.27,96,98,9.93,light rain
297,Rudbar,AF,30.15,62.6,54.68,56,7,16.08,clear sky
298,Haines Junction,CA,60.7522,-137.5108,48.15,46,100,2.3,overcast clouds
299,Sao Felix Do Xingu,BR,-6.6447,-51.995,74.48,92,86,2.13,moderate rain
300,Kluczbork,PL,50.9728,18.2182,51.98,70,38,18.86,scattered clouds
301,Krasnoselkup,RU,65.7,82.4667,25.83,98,94,6.08,overcast clouds
302,Hukuntsi,BW,-24.0,21.75,62.44,77,31,8.59,light rain
303,Imeni Babushkina,RU,59.7573,43.1285,48.09,98,100,9.44,light rain
304,Bang Pakong,TH,13.543,100.9933,82.18,91,100,4.56,overcast clouds
305,Eureka,US,40.8021,-124.1637,68.61,82,100,7.0,light rain
306,Roma,US,43.2128,-75.4557,66.83,73,40,6.91,scattered clouds
307,Nanortalik,GL,60.1432,-45.2371,41.59,52,100,11.68,overcast clouds
308,Kaura Namoda,NG,12.5898,6.5779,82.29,43,12,2.53,few clouds
309,Chitral,PK,35.8462,71.7858,56.73,65,98,1.43,overcast clouds
310,Kulu,TR,39.0951,33.0799,46.8,43,0,0.69,clear sky
311,Ternate,ID,0.8,127.4,82.62,75,100,1.3,overcast clouds
312,Tayga,RU,56.06,85.6197,43.72,61,96,8.81,overcast clouds
313,San Angelo,US,31.4638,-100.437,80.82,65,40,3.0,scattered clouds
314,Sao Jose Da Tapera,BR,-9.5583,-37.3811,77.34,77,55,9.64,broken clouds
315,Sistranda,NO,63.7256,8.834,44.91,95,100,29.12,overcast clouds
316,Tazovskiy,RU,67.4667,78.7,24.98,99,81,1.79,broken clouds
317,Shintomi,JP,32.0785,131.4723,58.32,72,59,3.02,broken clouds
318,Albanel,CA,48.8832,-72.4487,44.74,93,100,3.44,overcast clouds
319,Romita,MX,20.8667,-101.5167,79.43,36,40,12.66,scattered clouds
320,Lavrentiya,RU,65.5833,-171.0,23.49,91,58,5.12,broken clouds
321,Naliya,IN,23.2667,68.8333,76.05,65,0,8.46,clear sky
322,Padang,ID,-0.9492,100.3543,73.45,83,98,2.98,moderate rain
323,Prachuap Khiri Khan,TH,12.2167,99.75,78.69,91,100,1.57,overcast clouds
324,Kumba,CM,4.6363,9.4469,71.69,98,92,0.45,moderate rain
325,Nabire,ID,-3.3667,135.4833,76.44,93,100,4.09,overcast clouds
326,Mehamn,NO,71.0357,27.8492,34.77,57,98,24.18,overcast clouds
327,Salinopolis,BR,-0.6136,-47.3561,79.99,82,81,8.5,broken clouds
328,Kralendijk,BQ,12.15,-68.2667,80.58,83,20,11.5,few clouds
329,Arraial Do Cabo,BR,-22.9661,-42.0278,66.16,82,75,2.3,broken clouds
330,Tautira,PF,-17.7333,-149.15,86.02,76,49,9.33,scattered clouds
331,Turochak,RU,52.2576,87.1224,41.09,60,96,3.69,overcast clouds
332,Uusikaupunki,FI,60.8004,21.4084,45.12,90,100,17.96,moderate rain
333,Outjo,NA,-20.1167,16.15,58.19,45,0,5.95,clear sky
334,Marsh Harbour,BS,26.5412,-77.0636,79.95,73,88,15.32,overcast clouds
335,Preeceville,CA,51.95,-102.6677,34.81,42,92,6.82,overcast clouds
336,Bairiki,KI,1.3292,172.9752,87.8,62,20,9.22,few clouds
337,Santa Ines,BR,-3.6667,-45.38,77.2,84,90,3.71,overcast clouds
338,Gidrotorf,RU,56.4744,43.5414,51.78,88,100,14.65,overcast clouds
339,Santander,ES,43.4647,-3.8044,56.98,83,75,1.99,broken clouds
340,Novoshakhtinsk,RU,47.7604,39.9334,49.24,91,59,14.34,broken clouds
341,Beaverlodge,CA,55.2166,-119.4361,52.95,64,59,13.71,broken clouds
342,Tura,IN,25.5198,90.2201,61.9,86,5,2.62,clear sky
343,Champerico,GT,14.3,-91.9167,83.35,82,100,5.7,overcast clouds
344,Adrar,MR,20.5022,-10.0711,72.34,18,28,8.43,scattered clouds
345,Butembo,CD,0.15,29.2833,57.25,99,100,2.06,light rain
346,Teguise,ES,29.0605,-13.564,68.22,78,20,10.36,few clouds
347,Hvolsvollur,IS,63.7533,-20.2243,31.8,61,65,4.79,broken clouds
348,Durazno,UY,-33.4131,-56.5006,66.15,42,0,6.91,clear sky
349,Limenaria,GR,40.6261,24.5786,59.94,75,0,5.23,clear sky
350,Klaksvik,FO,62.2266,-6.589,40.12,68,98,33.76,overcast clouds
351,Sabha,LY,27.0377,14.4283,74.55,32,95,12.95,overcast clouds
352,Porto Santo,PT,33.072,-16.3415,70.18,68,20,9.22,few clouds
353,Vanavara,RU,60.34,102.2797,30.58,92,28,5.55,scattered clouds
354,Akyab,MM,20.15,92.9,76.8,91,99,5.46,overcast clouds
355,Savalou,BJ,7.9281,1.9756,74.71,93,100,3.91,overcast clouds
356,Gallup,US,35.5281,-108.7426,67.84,15,1,1.99,clear sky
357,Marystown,CA,47.1666,-55.1483,49.86,100,40,1.99,scattered clouds
358,Polson,US,47.6936,-114.1632,59.11,59,66,3.38,broken clouds
359,Vila Velha,BR,-20.3297,-40.2925,69.75,73,0,8.05,clear sky
360,Trat,TH,12.5,102.5,79.99,92,100,2.75,overcast clouds
361,Jasper,US,37.2001,-94.3502,60.55,55,1,6.91,clear sky
362,Saint-Augustin,CA,51.226,-58.6502,39.76,61,43,9.15,scattered clouds
363,Amarante Do Maranhao,BR,-5.5667,-46.7422,75.45,89,76,2.57,broken clouds
364,Mujiayingzi,CN,42.1167,118.7833,38.53,44,0,5.44,clear sky
365,Guangzhou,CN,23.1167,113.25,61.95,69,96,13.53,overcast clouds
366,Pandan Niog,PH,6.2282,120.5631,83.75,77,85,8.61,overcast clouds
367,Berlevag,NO,70.8578,29.0864,35.06,53,100,24.9,overcast clouds
368,Laurel,US,39.0993,-76.8483,70.74,65,1,0.0,clear sky
369,Bamiantong,CN,44.9333,130.5333,38.53,49,62,8.59,broken clouds
370,Port Keats,AU,-14.25,129.55,87.37,67,67,10.54,broken clouds
371,Vardo,NO,70.3705,31.1107,35.94,52,100,27.87,overcast clouds
372,Husavik,IS,66.0449,-17.3389,28.31,72,100,3.56,overcast clouds
373,Cascais,PT,38.6979,-9.4215,62.47,69,22,5.01,few clouds
374,Pangkalanbuun,ID,-2.6833,111.6167,76.55,92,95,0.72,overcast clouds
375,Bermejo,AR,-32.8833,-68.8,80.51,32,0,2.3,clear sky
376,Pimentel,PE,-6.8367,-79.9342,64.69,77,0,19.57,clear sky
377,Tshikapa,CD,-6.4167,20.8,70.32,97,92,1.03,light rain
378,Port Lincoln,AU,-34.7333,135.8667,64.18,64,58,4.56,broken clouds
379,Mastic Beach,US,40.7668,-72.8521,66.4,83,1,1.99,clear sky
380,Stephenville,US,32.2207,-98.2023,79.68,56,1,5.75,clear sky
381,Guerrero Negro,MX,27.9769,-114.0611,70.97,71,0,13.94,clear sky
382,Aktash,RU,50.3,87.7333,22.71,54,50,4.88,scattered clouds
383,Dinard,FR,48.6314,-2.0614,50.68,84,75,5.75,broken clouds
384,Launceston,AU,-41.45,147.1667,62.24,80,90,4.0,overcast clouds
385,Natitingou,BJ,10.3042,1.3796,75.51,71,20,3.13,few clouds
386,Kloulklubed,PW,7.0419,134.2556,82.9,73,11,8.03,few clouds
387,Pisco,PE,-13.7,-76.2167,62.65,77,0,18.41,clear sky
388,Do Gonbadan,IR,30.3586,50.7981,59.09,51,0,0.0,clear sky
389,Linares,CL,-35.85,-71.6,58.28,63,100,7.92,overcast clouds
390,Candido Mendes,BR,-1.4467,-45.7167,76.6,91,100,3.31,overcast clouds
391,Antofagasta,CL,-23.65,-70.4,58.28,76,34,7.09,scattered clouds
392,Kosh-Agach,RU,50.0,88.6667,21.63,58,32,4.05,scattered clouds
393,Moron,AR,-34.6534,-58.6198,73.99,62,7,7.31,clear sky
394,Nargana,PA,9.4428,-78.5906,80.85,80,49,6.76,scattered clouds
395,Mumford,GH,5.2618,-0.759,77.92,88,100,10.11,overcast clouds
396,Cairns,AU,-16.9167,145.7667,87.94,72,40,8.05,scattered clouds
397,Saint-Gaudens,FR,43.0833,0.6667,54.34,93,96,2.46,overcast clouds
398,Porto Novo,BJ,6.4965,2.6036,78.62,86,95,5.08,overcast clouds
399,Richards Bay,ZA,-28.783,32.0377,67.8,83,97,16.35,overcast clouds
400,Nenita,PH,12.4917,124.8044,80.47,89,80,8.16,broken clouds
401,Changji,CN,44.0167,87.3167,45.39,49,0,4.47,clear sky
402,Mathathane,BW,-22.2687,28.7495,73.0,35,100,10.71,overcast clouds
403,Kirovskiy,RU,45.0917,133.5136,39.04,60,92,5.66,overcast clouds
404,Wiwili,NI,13.6268,-85.8254,88.54,87,100,2.33,overcast clouds
405,Guilin,CN,25.2819,110.2864,57.31,81,100,8.3,overcast clouds
406,Worland,US,44.0169,-107.9554,65.68,27,1,3.44,clear sky
407,Michalovce,SK,48.7543,21.9195,55.85,65,99,11.01,light rain
408,Kamenka,RU,51.3223,42.7678,49.48,55,97,18.23,overcast clouds
409,Bouza,NE,14.4229,6.0428,86.79,29,15,3.29,few clouds
410,Srednekolymsk,RU,67.45,153.6833,-3.12,94,82,3.31,broken clouds
411,Angoche,MZ,-16.2325,39.9086,72.86,67,15,9.31,few clouds
412,Tadepallegudem,IN,16.8333,81.5,75.49,78,61,5.06,broken clouds
413,Kottagudem,IN,17.55,80.6333,70.47,83,91,2.66,overcast clouds
414,Gat,IL,31.61,34.7642,69.82,100,1,2.28,clear sky
415,Vila Franca Do Campo,PT,37.7167,-25.4333,63.01,74,84,5.12,broken clouds
416,Dzilam Gonzalez,MX,21.2833,-88.9333,75.04,94,97,4.38,overcast clouds
417,Northam,GB,51.0333,-4.2167,52.66,68,27,13.76,scattered clouds
418,Ayna,PE,-12.65,-73.9167,77.5,83,59,1.21,broken clouds
419,Samarkand,UZ,39.6542,66.9597,40.42,81,66,4.61,broken clouds
420,Ossora,RU,59.2353,163.0719,23.43,68,3,4.76,clear sky
421,Kyshtovka,RU,56.555,76.6271,37.96,74,95,14.65,overcast clouds
422,Lahij,YE,13.1667,44.5833,78.33,67,49,3.58,scattered clouds
423,Montrose,US,38.4166,-108.2673,53.01,32,54,1.5,broken clouds
424,Griffith,US,41.5284,-87.4237,54.1,81,90,5.75,overcast clouds
425,Newport,GB,51.5877,-2.9984,50.83,86,13,9.19,few clouds
426,Afrikanda,RU,67.4429,32.7828,31.05,77,100,10.76,overcast clouds
427,Gohad,IN,26.4261,78.4447,69.55,55,0,8.48,clear sky
428,Russell,US,32.3502,-85.1999,73.0,87,90,3.44,overcast clouds
429,Westport,US,41.1415,-73.3579,67.98,89,1,8.01,clear sky
430,Tlacotepec,MX,20.0667,-97.8667,62.82,96,86,1.68,overcast clouds
431,Corner Brook,CA,48.9667,-57.9484,46.53,82,70,4.12,broken clouds
432,Almeirim,BR,-1.5233,-52.5817,82.11,65,74,3.22,broken clouds
433,Kiunga,PG,-6.1219,141.2906,88.09,60,50,0.76,scattered clouds
434,Isangel,VU,-19.55,169.2667,80.71,78,75,4.61,broken clouds
435,Iracoubo,GF,5.4802,-53.2011,79.29,83,93,10.87,overcast clouds
436,Kifri,IQ,34.6959,44.9661,70.16,30,0,4.83,clear sky
437,Cap-Aux-Meules,CA,47.3821,-61.8597,48.25,87,20,5.75,few clouds
438,Suzhou,CN,31.3114,120.6181,55.27,71,94,8.86,overcast clouds
439,Saint-Pierre,RE,-21.3393,55.4781,71.24,70,0,4.61,clear sky
440,Quelimane,MZ,-17.8786,36.8883,67.95,94,20,2.3,few clouds
441,Uvat,RU,59.1433,68.8953,28.78,94,96,5.88,overcast clouds
442,Sao Filipe,CV,14.8961,-24.4956,81.16,64,14,6.4,few clouds
443,Boyolangu,ID,-8.1181,111.8935,79.39,80,100,5.61,overcast clouds
444,Walvis Bay,NA,-22.9575,14.5053,59.09,82,5,6.91,clear sky
445,Bathsheba,BB,13.2167,-59.5167,83.01,74,40,24.16,scattered clouds
446,Alim,PH,9.5649,122.4876,81.91,79,68,4.68,broken clouds
447,Nan,TH,18.8333,100.6667,73.42,88,75,18.41,thunderstorm with light rain
448,Hudson Bay,CA,52.85,-102.3842,33.51,57,6,7.2,clear sky
449,Rosetta,EG,31.4044,30.4164,71.42,65,19,9.06,few clouds
450,Sambava,MG,-14.2667,50.1667,69.98,88,32,5.64,scattered clouds
451,Maceio,BR,-9.6658,-35.7353,81.84,89,20,10.36,few clouds
452,Sergach,RU,55.5308,45.4661,48.72,85,100,15.03,overcast clouds
453,Lakes Entrance,AU,-37.8811,147.981,74.16,59,37,5.53,scattered clouds
454,Salamanca,ES,40.8333,-6.0,53.62,71,1,3.56,clear sky
455,Ahipara,NZ,-35.1667,173.1667,62.83,90,100,15.77,light rain
456,Olinda,BR,-8.0089,-34.8553,82.13,74,40,6.91,scattered clouds
457,Hualmay,PE,-11.0964,-77.6139,63.91,81,63,10.38,broken clouds
458,Ozernovskiy,RU,51.5,156.5167,36.66,68,70,2.06,broken clouds
459,Olga,RU,43.7444,135.2892,42.1,49,48,4.97,scattered clouds
460,Srandakan,ID,-7.9386,110.2506,63.73,80,100,6.42,overcast clouds
461,Camargo,MX,27.6667,-105.1667,65.5,69,18,27.76,few clouds
462,Zenzeli,RU,45.9241,47.0474,45.99,78,10,9.26,clear sky
463,Kavaratti,IN,10.5669,72.642,81.21,79,96,8.81,overcast clouds
464,Sakakah,SA,29.9697,40.2064,69.37,40,0,7.54,clear sky
465,Ostersund,SE,63.1792,14.6357,36.05,93,90,16.11,overcast clouds
466,Teya,RU,60.3778,92.6267,34.74,91,94,4.9,overcast clouds
467,Bhabua,IN,25.05,83.6167,67.51,66,1,5.84,clear sky
468,Pamanukan,ID,-6.2842,107.8106,81.5,73,94,3.65,overcast clouds
469,Hendrina,ZA,-26.1588,29.7153,59.27,40,91,10.54,overcast clouds
470,San Quintin,MX,30.4833,-115.95,68.72,67,1,15.17,clear sky
471,Kepno,PL,51.2784,17.9891,45.36,73,68,19.86,broken clouds
472,Baracoa,CU,20.3467,-74.4958,79.54,86,72,5.61,broken clouds
473,Machali,CL,-34.1833,-70.6667,61.88,59,75,11.5,broken clouds
474,Tandil,AR,-37.3217,-59.1332,62.02,84,33,6.4,light rain
475,Sao Joao Da Barra,BR,-21.6403,-41.0511,67.26,74,86,6.24,overcast clouds
476,Plerin,FR,48.5425,-2.7798,49.77,86,79,3.0,broken clouds
477,Moelv,NO,60.9333,10.7,33.93,64,3,6.46,clear sky
478,Fort Nelson,CA,58.8053,-122.7002,33.39,86,40,6.91,scattered clouds
479,Solnechnyy,RU,50.7214,136.6319,33.35,77,89,0.56,overcast clouds
480,Lokosovo,RU,61.1333,74.8167,40.06,95,94,5.06,moderate rain
481,Phan Thiet,VN,10.9333,108.1,78.87,86,99,5.35,overcast clouds
482,Komsomolskiy,UZ,40.4272,71.7189,48.92,66,40,13.8,scattered clouds
483,Roblin,CA,51.23,-101.3565,33.82,51,96,7.94,overcast clouds
484,San-Pedro,CI,4.7485,-6.6363,75.47,93,100,5.32,overcast clouds
485,Nichinan,JP,31.6,131.3667,59.95,71,68,5.61,broken clouds
486,Matamoros,MX,25.5333,-103.25,86.11,39,75,11.5,broken clouds
487,Mehran,IR,33.1222,46.1646,69.58,28,0,7.74,clear sky
488,Neiafu,TO,-18.65,-173.9833,79.48,69,40,6.91,scattered clouds
489,Kudahuvadhoo,MV,2.6708,72.8944,81.7,70,20,9.06,few clouds
490,Doha,QA,25.2867,51.5333,82.38,51,0,12.66,clear sky
491,Areka,ET,7.0667,37.7,57.42,57,74,5.12,broken clouds
492,Sola,VU,-13.8833,167.55,81.03,70,88,1.74,overcast clouds
493,Hay River,CA,60.8156,-115.7999,49.98,43,20,9.22,few clouds
494,Manokwari,ID,-0.8667,134.0833,78.49,81,100,6.33,moderate rain
495,Taksimo,RU,56.3444,114.8794,29.39,82,78,0.49,broken clouds
496,Gravelbourg,CA,49.8834,-106.5512,52.07,41,11,4.85,few clouds
497,Payson,US,40.0444,-111.7321,65.95,40,1,8.05,clear sky
498,Ucluelet,CA,48.9329,-125.5528,54.09,92,100,4.0,light rain
499,Monki,PL,53.405,22.7979,50.68,66,61,28.16,broken clouds
500,Orlovskiy,RU,46.8714,42.0592,43.52,80,14,8.48,few clouds
501,Pavlohrad,UA,48.5167,35.8667,52.75,89,94,16.31,overcast clouds
502,Nea Peramos,GR,38.0076,23.423,65.59,82,0,2.3,clear sky
503,Smoky Lake,CA,54.1169,-112.4686,45.32,49,0,6.91,clear sky
504,Vermillion,US,42.7794,-96.9292,47.07,48,4,5.75,clear sky
505,Bielsk Podlaski,PL,52.7651,23.1865,51.03,54,60,27.63,broken clouds
506,Dinar,TR,38.065,30.1656,46.36,52,0,3.96,clear sky
507,Ca Mau,VN,9.1769,105.15,78.3,89,100,3.13,overcast clouds
508,Hovd,MN,48.0056,91.6419,32.09,48,6,1.32,clear sky
509,Yuanping,CN,38.7153,112.7575,40.24,49,0,3.02,clear sky
510,Eydhafushi,MV,5.1033,73.0708,81.16,77,35,8.95,scattered clouds
511,Aksarka,RU,66.5606,67.7975,28.65,92,100,6.64,overcast clouds
512,Maningrida,AU,-12.0667,134.2667,91.89,48,46,4.85,scattered clouds
513,Korla,CN,41.7597,86.1469,52.68,31,13,7.2,few clouds
514,Eufaula,US,31.8913,-85.1455,77.43,89,20,0.0,few clouds
515,Ilhabela,BR,-23.7781,-45.3581,66.13,86,89,9.15,overcast clouds
516,Kaohsiung,TW,22.6163,120.3133,76.08,85,75,3.0,broken clouds
517,Morant Bay,JM,17.8815,-76.4093,80.22,83,82,7.96,broken clouds
518,Huarmey,PE,-10.0681,-78.1522,64.81,83,57,8.77,light rain
519,Begles,FR,44.8084,-0.5481,57.4,98,90,3.44,overcast clouds
520,Laukaa,RU,58.7372,29.8453,50.16,75,88,17.16,overcast clouds
521,Kasulu,TZ,-4.5767,30.1025,67.15,70,98,3.13,overcast clouds
522,Oranjemund,NA,-28.55,16.4333,58.17,75,15,17.83,few clouds
523,Trinidad,BO,-14.8333,-64.9,91.38,55,39,3.44,scattered clouds
524,Presque Isle,US,46.6811,-68.0159,54.03,92,90,0.0,light rain
525,Karpathos,GR,35.507,27.2132,62.56,77,0,6.91,clear sky
526,Belmonte,BR,-15.8631,-38.8828,72.1,90,99,10.22,overcast clouds
527,Iquique,CL,-20.2208,-70.1431,60.84,76,55,3.8,broken clouds
528,Mogadishu,SO,2.0371,45.3438,78.75,84,88,15.93,overcast clouds
529,Saint-Marc,HT,19.1082,-72.6938,81.39,75,75,3.74,broken clouds
530,Nouadhibou,MR,20.931,-17.0347,73.38,68,15,9.22,few clouds
531,Nouakchott,MR,18.0858,-15.9785,80.53,41,35,8.1,scattered clouds
532,Gryazovets,RU,58.88,40.2525,48.83,94,100,15.14,light rain
533,Winnemucca,US,40.973,-117.7357,73.45,27,20,13.8,few clouds
534,Margate,GB,51.3813,1.3862,46.69,76,22,1.01,few clouds
535,Kathu,TH,7.9178,98.3332,82.69,97,100,6.62,light rain
536,Hamilton,US,39.1834,-84.5333,60.73,69,25,3.0,scattered clouds
537,Naze,JP,28.3667,129.4833,68.92,69,100,17.76,overcast clouds
538,Naryan-Mar,RU,67.6713,53.087,28.81,95,100,10.45,light snow
539,Krasnooktyabrskiy,RU,44.9328,38.3712,52.09,85,14,4.32,few clouds
540,Stykkisholmur,IS,65.0757,-22.7297,35.04,66,58,9.64,broken clouds
541,Faya,SA,18.3851,42.4509,59.52,29,34,6.02,scattered clouds
542,Huinan,CN,42.6225,126.2614,39.09,56,53,2.08,broken clouds
543,Stephenville Crossing,CA,48.5,-58.4318,46.53,81,75,4.61,broken clouds
544,Mao,ES,39.8885,4.2658,66.76,68,0,13.8,clear sky
545,Sibolga,ID,1.7427,98.7792,77.02,85,99,3.0,overcast clouds
546,Marienburg,PL,54.0359,19.0266,47.88,71,90,21.85,overcast clouds
547,San Carlos De Bariloche,AR,-41.1456,-71.3082,46.15,49,40,24.16,scattered clouds
548,Poum,NC,-20.2333,164.0167,75.7,73,17,9.53,few clouds
549,Saint-Honore,CA,48.5334,-71.0824,48.29,89,100,4.61,light rain
550,Chaupimarca,PE,-10.4333,-76.5333,42.37,80,70,4.7,broken clouds
551,Severo-Kurilsk,RU,50.6789,156.125,39.6,62,97,7.52,overcast clouds
552,Ekuvukeni,ZA,-28.4675,30.1551,65.14,44,100,3.47,overcast clouds
553,Xining,CN,36.6167,101.7667,38.08,88,84,1.92,broken clouds
554,Progreso,MX,21.2833,-89.6667,77.11,87,100,8.5,overcast clouds
555,Saint-Leu,RE,-21.15,55.2833,70.63,91,0,2.71,clear sky
556,San Jose,US,37.3394,-121.895,77.36,61,75,11.5,broken clouds
557,Tabas,IR,33.5959,56.9244,58.05,47,0,8.48,clear sky
558,La Romana,DO,18.4273,-68.9728,82.13,89,40,0.0,scattered clouds
559,Coquimbo,CL,-29.9533,-71.3436,56.93,82,0,9.22,clear sky
560,Kununurra,AU,-15.7667,128.7333,87.78,79,40,2.3,scattered clouds
561,Kuminskiy,RU,58.6667,66.5667,26.2,88,30,4.88,scattered clouds
562,Saint-Raymond,CA,45.467,-73.6095,60.15,95,90,2.3,mist
563,Todi,IT,42.7799,12.4046,61.3,68,54,6.46,broken clouds
564,Nelson Bay,AU,-32.7167,152.15,73.29,78,18,6.29,few clouds
565,Novo Aripuana,BR,-5.1206,-60.3797,75.97,93,99,1.95,light rain
566,Anqing,CN,30.5092,117.0506,55.44,73,100,5.95,overcast clouds
567,Hami,CN,42.8,93.45,53.02,24,2,5.17,clear sky
568,Kruisfontein,ZA,-34.0033,24.7314,61.88,87,100,5.59,light rain
569,Lunenburg,CA,44.3835,-64.3155,59.0,88,75,4.61,broken clouds
570,Marzuq,YE,14.4,46.4667,72.07,32,22,4.9,few clouds
571,Cockburn Town,TC,21.4612,-71.1419,80.56,83,90,8.05,overcast clouds
572,Xingcheng,CN,40.6167,120.7167,48.13,51,0,10.31,clear sky
573,Killarney,IE,52.05,-9.5167,43.05,85,32,4.47,scattered clouds
574,Guadalupe Y Calvo,MX,26.1,-106.9667,60.96,58,6,4.25,clear sky
575,Maniitsoq,GL,65.4167,-52.9,32.49,59,50,8.97,scattered clouds
576,Yarkovo,RU,57.4028,67.0786,27.5,85,31,6.96,scattered clouds
577,Orzu,TJ,37.5593,68.8184,50.4,50,100,13.53,heavy intensity rain
578,Laem Sing,TH,12.4816,102.0738,80.15,100,100,3.78,overcast clouds
579,Waingapu,ID,-9.6567,120.2641,83.66,63,74,2.57,broken clouds
580,Ambon,ID,-3.6954,128.1814,78.94,89,40,5.75,scattered clouds
581,Lahad Datu,MY,5.0268,118.327,78.06,90,100,3.6,overcast clouds
582,Chauk,MM,20.8833,94.8167,75.09,94,95,5.46,overcast clouds
583,Santa,PH,17.486,120.4348,80.42,81,18,3.83,few clouds
584,Kamina,CD,-8.7386,24.9906,64.87,95,86,5.53,overcast clouds
585,Snasa,NO,64.2457,12.3778,33.19,98,100,3.06,snow
586,Vangaindrano,MG,-23.35,47.6,67.8,87,100,6.55,overcast clouds
587,Alyangula,AU,-13.8483,136.4192,82.27,65,82,2.3,broken clouds
588,Katherine,AU,-14.4667,132.2667,79.12,69,59,6.91,broken clouds
589,Sarangani,PH,5.4033,125.4636,81.66,76,53,0.92,light rain
590,Cabra,ES,37.4725,-4.4421,63.7,56,0,0.63,clear sky
591,Chanika,TZ,-5.4167,38.0167,67.33,81,85,5.14,overcast clouds
592,Bagdarin,RU,54.4333,113.6,27.97,77,23,1.86,few clouds
593,Yulara,AU,-25.2406,130.9889,80.44,18,0,10.36,clear sky
594,West Wendover,US,40.7391,-114.0733,60.01,44,1,0.0,clear sky
595,Umm Lajj,SA,25.0213,37.2685,78.22,59,0,11.32,clear sky
596,Matagami,CA,49.7502,-77.6328,32.11,100,90,6.91,light snow
597,Marau,BR,-28.4492,-52.2,61.52,75,97,4.16,overcast clouds
598,Pervomayskiy,RU,53.2485,40.2871,48.13,69,100,19.62,overcast clouds
599,Flin Flon,CA,54.7682,-101.865,39.04,41,20,9.22,few clouds
600,Mezen,RU,65.8522,44.24,29.08,97,100,5.46,light snow
601,Tomatlan,MX,19.9333,-105.25,83.05,79,35,7.0,scattered clouds
602,Goderich,CA,43.7501,-81.7165,56.91,88,98,13.8,overcast clouds
603,Sesimbra,PT,38.4445,-9.1015,62.28,71,5,16.78,clear sky
604,Balakhta,RU,55.38,91.6,37.11,72,100,3.0,overcast clouds
605,Los Banos,PH,14.1667,121.1833,82.8,79,78,6.35,broken clouds
606,Havre-Saint-Pierre,CA,50.2334,-63.5986,48.2,93,1,5.75,clear sky
607,Obregon,NI,11.9566,-85.9636,87.89,88,100,3.65,overcast clouds
608,Nishihara,JP,26.1842,127.7558,71.26,94,90,8.05,overcast clouds
609,Jutai,BR,-5.1833,-68.9,74.97,88,66,2.71,moderate rain
610,Jiaxing,CN,30.7522,120.75,59.02,79,91,9.44,overcast clouds
611,Viseu,PT,40.661,-7.9097,51.87,91,0,2.55,clear sky
612,Khani,GE,41.9563,42.9566,49.57,57,0,7.23,clear sky
613,Kipini,KE,-2.5257,40.5262,77.29,78,21,14.94,few clouds
614,Urucara,BR,-2.5364,-57.76,75.24,89,100,1.97,overcast clouds
615,Sinnamary,GF,5.3833,-52.95,78.67,87,95,10.85,overcast clouds
616,Eyl,SO,7.9803,49.8164,77.11,84,36,4.36,light rain
617,Zemio,CF,5.0314,25.1361,66.52,98,100,2.35,overcast clouds
618,Asyut,EG,27.181,31.1837,66.38,58,2,12.8,clear sky
619,Resende,BR,-22.4689,-44.4467,61.43,95,99,3.53,overcast clouds
620,Sapulpa,US,35.9987,-96.1142,69.51,55,1,0.0,clear sky
621,Fort-Shevchenko,KZ,44.5086,50.263,52.16,76,11,14.2,few clouds
622,Voi,KE,-3.3945,38.563,70.41,77,42,8.79,scattered clouds
623,Ust-Nera,RU,64.5667,143.2,9.21,93,100,2.95,overcast clouds
624,Boffa,GN,10.1667,-14.0333,76.5,89,100,1.05,overcast clouds
625,Presidencia Roque Saenz Pena,AR,-26.7852,-60.4388,73.0,36,0,7.92,clear sky
626,Puerto Escondido,MX,15.85,-97.0667,80.51,84,100,1.28,overcast clouds
627,Bo Phloi,TH,14.3236,99.5161,76.17,90,100,1.34,overcast clouds
628,Luba,GQ,3.4568,8.5547,78.69,86,93,7.63,moderate rain
629,Hammerfest,NO,70.6634,23.6821,32.45,86,20,17.27,few clouds
630,Qasigiannguit,GL,68.8193,-51.1922,30.45,96,41,4.81,scattered clouds
631,Vuktyl,RU,63.8567,57.3094,30.43,95,100,11.97,light snow
632,Antalaha,MG,-14.9003,50.2788,69.15,90,39,4.5,scattered clouds
633,Dezhou,CN,37.4486,116.2925,49.23,53,0,5.55,clear sky
634,Mwingi,KE,-0.9344,38.0601,66.97,82,95,5.14,overcast clouds
635,Mayo,US,38.8876,-76.5119,71.26,79,1,4.61,clear sky
636,Cassilandia,BR,-19.1133,-51.7342,73.94,66,16,4.27,few clouds
637,Sheffield,GB,53.383,-1.4659,49.14,75,59,1.01,broken clouds
638,Taltal,CL,-25.4,-70.4833,59.97,73,25,4.99,scattered clouds
639,Mana,GF,5.6592,-53.7767,78.62,88,100,9.86,overcast clouds
640,Ketchikan,US,55.3422,-131.6461,61.27,44,90,12.66,moderate rain
641,Iki-Burul,RU,45.8208,44.6472,41.4,50,5,8.12,clear sky
642,Xai-Xai,MZ,-25.0519,33.6442,66.49,77,73,10.65,broken clouds
643,Spearfish,US,44.4908,-103.8594,62.82,67,1,4.61,haze
644,Ust-Koksa,RU,50.2696,85.6108,36.05,65,75,2.28,broken clouds
645,Buzuluk,RU,52.7807,52.2635,47.41,91,100,11.81,overcast clouds
646,Lapua,FI,62.9693,23.0088,44.11,95,100,6.38,moderate rain
647,San Ignacio,BZ,17.1561,-89.0714,77.14,94,0,0.0,clear sky
648,Dachau,DE,48.26,11.434,53.35,66,66,1.99,broken clouds
649,Hoquiam,US,46.9809,-123.8893,58.44,67,90,9.22,moderate rain
650,Imeni Morozova,RU,59.9757,31.0376,53.17,46,100,15.77,light rain
651,Ambositra,MG,-20.5167,47.25,56.19,82,1,2.06,clear sky
652,Ust-Tsilma,RU,65.441,52.1498,30.36,96,100,4.83,overcast clouds
653,Simao,CN,22.7886,100.9748,63.61,100,100,2.37,overcast clouds
654,Le Port,RE,-20.9373,55.2919,69.8,91,1,9.57,clear sky
655,Bilma,NE,18.6853,12.9164,80.78,18,0,10.13,clear sky
656,Zhigansk,RU,66.7697,123.3711,27.57,80,70,14.97,broken clouds
657,Felipe Carrillo Puerto,MX,19.5833,-88.05,73.71,99,100,1.43,overcast clouds
658,Pontianak,ID,-0.0333,109.3333,75.18,94,75,3.44,moderate rain
659,Druzhba,UA,52.0428,33.9453,52.36,60,100,16.91,overcast clouds
660,Dwarka,IN,22.2394,68.9678,78.39,57,0,10.42,clear sky
661,Ewa Beach,US,21.3156,-158.0072,84.15,60,90,10.0,light rain
662,Gazalkent,UZ,41.5581,69.7708,41.36,82,100,4.65,overcast clouds
663,Sonneberg,DE,50.35,11.1667,44.02,92,60,6.02,broken clouds
664,Playa Vicente,MX,17.8333,-95.8167,74.14,94,83,5.64,broken clouds
665,Kwinana,AU,-32.25,115.7667,61.93,85,47,6.87,scattered clouds
666,Ranong,TH,9.9658,98.6348,75.13,89,100,2.08,heavy intensity rain
667,Manaure,CO,11.7751,-72.4445,85.05,66,22,16.75,few clouds
668,Te Anau,NZ,-45.4167,167.7167,57.96,60,28,1.95,light rain
669,Tete,MZ,-16.1564,33.5867,77.09,50,0,4.61,clear sky
670,Kytmanovo,RU,53.4593,85.4479,44.28,56,99,4.94,overcast clouds
671,Kidal,ML,18.4411,1.4078,83.28,20,2,9.04,clear sky
672,Inhambane,MZ,-23.865,35.3833,69.08,71,38,9.57,scattered clouds
673,Breytovo,RU,58.2993,37.8617,50.13,83,100,18.16,moderate rain
674,Teknaf,BD,20.8624,92.3058,76.17,90,93,3.44,overcast clouds
675,Krasnyy Yar,RU,46.5331,48.3456,40.96,72,68,9.91,broken clouds
676,Florian,CO,5.8049,-73.9703,62.11,98,78,3.0,broken clouds
677,Itoman,JP,26.1247,127.6694,71.98,92,75,12.66,broken clouds
678,Biak,ID,-0.9131,122.8766,79.57,75,100,3.94,overcast clouds
679,Coihaique,CL,-45.5752,-72.0662,48.15,66,40,3.44,scattered clouds
680,Asfi,MA,32.2994,-9.2372,66.0,84,1,12.57,clear sky
681,Uchiza,PE,-8.4592,-76.4633,77.85,72,93,3.0,overcast clouds
682,Melfi,IT,40.9965,15.6514,61.39,89,75,7.16,broken clouds
